[{"model": "admin.logentry", "pk": 1, "fields": {"action_time": "2020-12-27T20:47:41.759Z", "user": 1, "content_type": 9, "object_id": "1", "object_repr": "Electronics-items", "action_flag": 1, "change_message": "[{\"added\": {}}]"}}, {"model": "admin.logentry", "pk": 2, "fields": {"action_time": "2020-12-27T20:48:12.241Z", "user": 1, "content_type": 9, "object_id": "2", "object_repr": "Clothings-and-Fashion", "action_flag": 1, "change_message": "[{\"added\": {}}]"}}, {"model": "admin.logentry", "pk": 3, "fields": {"action_time": "2020-12-27T20:48:50.661Z", "user": 1, "content_type": 9, "object_id": "2", "object_repr": "Clothings and Fashion", "action_flag": 2, "change_message": "[{\"changed\": {\"fields\": [\"Title\"]}}]"}}, {"model": "admin.logentry", "pk": 4, "fields": {"action_time": "2020-12-27T20:54:34.628Z", "user": 1, "content_type": 7, "object_id": "1", "object_repr": "Rolex Watch", "action_flag": 1, "change_message": "[{\"added\": {}}]"}}, {"model": "admin.logentry", "pk": 5, "fields": {"action_time": "2020-12-27T20:57:03.783Z", "user": 1, "content_type": 7, "object_id": "2", "object_repr": "Led Monitor", "action_flag": 1, "change_message": "[{\"added\": {}}]"}}, {"model": "admin.logentry", "pk": 6, "fields": {"action_time": "2020-12-27T20:59:16.166Z", "user": 1, "content_type": 7, "object_id": "3", "object_repr": "Iphone X Pro", "action_flag": 1, "change_message": "[{\"added\": {}}]"}}, {"model": "admin.logentry", "pk": 7, "fields": {"action_time": "2020-12-27T20:59:28.249Z", "user": 1, "content_type": 7, "object_id": "1", "object_repr": "Rolex Watch", "action_flag": 2, "change_message": "[{\"changed\": {\"fields\": [\"Category\"]}}]"}}, {"model": "admin.logentry", "pk": 8, "fields": {"action_time": "2020-12-27T21:01:58.848Z", "user": 1, "content_type": 7, "object_id": "4", "object_repr": "Samsung Television", "action_flag": 1, "change_message": "[{\"added\": {}}]"}}, {"model": "admin.logentry", "pk": 9, "fields": {"action_time": "2020-12-27T21:02:07.131Z", "user": 1, "content_type": 7, "object_id": "1", "object_repr": "Rolex Watch", "action_flag": 2, "change_message": "[{\"changed\": {\"fields\": [\"Category\"]}}]"}}, {"model": "admin.logentry", "pk": 10, "fields": {"action_time": "2020-12-27T21:02:51.224Z", "user": 1, "content_type": 7, "object_id": "5", "object_repr": "Mens Blazer", "action_flag": 1, "change_message": "[{\"added\": {}}]"}}, {"model": "admin.logentry", "pk": 11, "fields": {"action_time": "2020-12-27T21:05:14.631Z", "user": 1, "content_type": 7, "object_id": "6", "object_repr": "Womens Blazer", "action_flag": 1, "change_message": "[{\"added\": {}}]"}}, {"model": "admin.logentry", "pk": 12, "fields": {"action_time": "2020-12-27T21:08:48.561Z", "user": 1, "content_type": 7, "object_id": "7", "object_repr": "HP laptop", "action_flag": 1, "change_message": "[{\"added\": {}}]"}}, {"model": "admin.logentry", "pk": 13, "fields": {"action_time": "2020-12-27T21:10:35.046Z", "user": 1, "content_type": 7, "object_id": "8", "object_repr": "Saree", "action_flag": 1, "change_message": "[{\"added\": {}}]"}}, {"model": "admin.logentry", "pk": 14, "fields": {"action_time": "2020-12-27T21:10:46.075Z", "user": 1, "content_type": 7, "object_id": "7", "object_repr": "HP laptop", "action_flag": 2, "change_message": "[{\"changed\": {\"fields\": [\"Description\"]}}]"}}, {"model": "admin.logentry", "pk": 15, "fields": {"action_time": "2020-12-27T21:10:51.174Z", "user": 1, "content_type": 7, "object_id": "6", "object_repr": "Womens Blazer", "action_flag": 2, "change_message": "[]"}}, {"model": "admin.logentry", "pk": 16, "fields": {"action_time": "2020-12-27T21:11:03.598Z", "user": 1, "content_type": 7, "object_id": "5", "object_repr": "Mens Blazer", "action_flag": 2, "change_message": "[{\"changed\": {\"fields\": [\"Description\"]}}]"}}, {"model": "admin.logentry", "pk": 17, "fields": {"action_time": "2020-12-27T21:11:21.258Z", "user": 1, "content_type": 7, "object_id": "4", "object_repr": "Samsung Television", "action_flag": 2, "change_message": "[{\"changed\": {\"fields\": [\"Description\"]}}]"}}, {"model": "admin.logentry", "pk": 18, "fields": {"action_time": "2020-12-27T21:11:38.763Z", "user": 1, "content_type": 7, "object_id": "3", "object_repr": "Iphone X Pro", "action_flag": 2, "change_message": "[{\"changed\": {\"fields\": [\"Description\"]}}]"}}, {"model": "admin.logentry", "pk": 19, "fields": {"action_time": "2020-12-28T21:52:39.351Z", "user": 1, "content_type": 7, "object_id": "9", "object_repr": "KN 95 mask", "action_flag": 1, "change_message": "[{\"added\": {}}]"}}, {"model": "admin.logentry", "pk": 20, "fields": {"action_time": "2020-12-29T18:14:38.385Z", "user": 1, "content_type": 8, "object_id": "3", "object_repr": "Cart: 1 CartProduct 3", "action_flag": 2, "change_message": "[{\"changed\": {\"fields\": [\"Rate\", \"Quantity\"]}}]"}}, {"model": "admin.logentry", "pk": 21, "fields": {"action_time": "2020-12-30T23:52:58.098Z", "user": 1, "content_type": 11, "object_id": "1", "object_repr": "Order: 1", "action_flag": 3, "change_message": ""}}, {"model": "admin.logentry", "pk": 22, "fields": {"action_time": "2021-01-04T21:46:07.835Z", "user": 1, "content_type": 7, "object_id": "10", "object_repr": "brandon content", "action_flag": 1, "change_message": "[{\"added\": {}}]"}}, {"model": "admin.logentry", "pk": 23, "fields": {"action_time": "2021-01-04T21:47:15.347Z", "user": 1, "content_type": 7, "object_id": "10", "object_repr": "brandon content", "action_flag": 3, "change_message": ""}}, {"model": "admin.logentry", "pk": 24, "fields": {"action_time": "2021-01-06T15:49:12.957Z", "user": 1, "content_type": 12, "object_id": "16", "object_repr": "Cart: 16", "action_flag": 3, "change_message": ""}}, {"model": "admin.logentry", "pk": 25, "fields": {"action_time": "2021-01-06T15:49:13.089Z", "user": 1, "content_type": 12, "object_id": "15", "object_repr": "Cart: 15", "action_flag": 3, "change_message": ""}}, {"model": "admin.logentry", "pk": 26, "fields": {"action_time": "2021-01-06T15:49:13.198Z", "user": 1, "content_type": 12, "object_id": "14", "object_repr": "Cart: 14", "action_flag": 3, "change_message": ""}}, {"model": "admin.logentry", "pk": 27, "fields": {"action_time": "2021-01-06T15:49:13.315Z", "user": 1, "content_type": 12, "object_id": "13", "object_repr": "Cart: 13", "action_flag": 3, "change_message": ""}}, {"model": "admin.logentry", "pk": 28, "fields": {"action_time": "2021-01-06T15:49:13.423Z", "user": 1, "content_type": 12, "object_id": "12", "object_repr": "Cart: 12", "action_flag": 3, "change_message": ""}}, {"model": "admin.logentry", "pk": 29, "fields": {"action_time": "2021-01-06T15:49:13.565Z", "user": 1, "content_type": 12, "object_id": "11", "object_repr": "Cart: 11", "action_flag": 3, "change_message": ""}}, {"model": "admin.logentry", "pk": 30, "fields": {"action_time": "2021-01-06T15:49:13.688Z", "user": 1, "content_type": 12, "object_id": "10", "object_repr": "Cart: 10", "action_flag": 3, "change_message": ""}}, {"model": "admin.logentry", "pk": 31, "fields": {"action_time": "2021-01-06T15:49:13.800Z", "user": 1, "content_type": 12, "object_id": "9", "object_repr": "Cart: 9", "action_flag": 3, "change_message": ""}}, {"model": "admin.logentry", "pk": 32, "fields": {"action_time": "2021-01-06T15:49:13.910Z", "user": 1, "content_type": 12, "object_id": "8", "object_repr": "Cart: 8", "action_flag": 3, "change_message": ""}}, {"model": "admin.logentry", "pk": 33, "fields": {"action_time": "2021-01-06T15:49:14.066Z", "user": 1, "content_type": 12, "object_id": "7", "object_repr": "Cart: 7", "action_flag": 3, "change_message": ""}}, {"model": "admin.logentry", "pk": 34, "fields": {"action_time": "2021-01-06T15:49:14.176Z", "user": 1, "content_type": 12, "object_id": "6", "object_repr": "Cart: 6", "action_flag": 3, "change_message": ""}}, {"model": "admin.logentry", "pk": 35, "fields": {"action_time": "2021-01-06T15:49:14.267Z", "user": 1, "content_type": 12, "object_id": "5", "object_repr": "Cart: 5", "action_flag": 3, "change_message": ""}}, {"model": "admin.logentry", "pk": 36, "fields": {"action_time": "2021-01-06T15:49:14.399Z", "user": 1, "content_type": 12, "object_id": "4", "object_repr": "Cart: 4", "action_flag": 3, "change_message": ""}}, {"model": "admin.logentry", "pk": 37, "fields": {"action_time": "2021-01-06T15:49:14.488Z", "user": 1, "content_type": 12, "object_id": "3", "object_repr": "Cart: 3", "action_flag": 3, "change_message": ""}}, {"model": "admin.logentry", "pk": 38, "fields": {"action_time": "2021-01-06T15:49:14.580Z", "user": 1, "content_type": 12, "object_id": "2", "object_repr": "Cart: 2", "action_flag": 3, "change_message": ""}}, {"model": "admin.logentry", "pk": 39, "fields": {"action_time": "2021-01-06T15:49:14.692Z", "user": 1, "content_type": 12, "object_id": "1", "object_repr": "Cart: 1", "action_flag": 3, "change_message": ""}}, {"model": "admin.logentry", "pk": 40, "fields": {"action_time": "2021-01-06T15:55:32.110Z", "user": 1, "content_type": 12, "object_id": "21", "object_repr": "Cart: 21", "action_flag": 3, "change_message": ""}}, {"model": "admin.logentry", "pk": 41, "fields": {"action_time": "2021-01-06T15:56:57.818Z", "user": 1, "content_type": 12, "object_id": "23", "object_repr": "Cart: 23", "action_flag": 3, "change_message": ""}}, {"model": "admin.logentry", "pk": 42, "fields": {"action_time": "2021-01-06T15:57:06.911Z", "user": 1, "content_type": 12, "object_id": "22", "object_repr": "Cart: 22", "action_flag": 3, "change_message": ""}}, {"model": "admin.logentry", "pk": 43, "fields": {"action_time": "2021-01-06T15:57:07.003Z", "user": 1, "content_type": 12, "object_id": "20", "object_repr": "Cart: 20", "action_flag": 3, "change_message": ""}}, {"model": "admin.logentry", "pk": 44, "fields": {"action_time": "2021-01-06T15:57:07.159Z", "user": 1, "content_type": 12, "object_id": "19", "object_repr": "Cart: 19", "action_flag": 3, "change_message": ""}}, {"model": "admin.logentry", "pk": 45, "fields": {"action_time": "2021-01-06T15:57:07.259Z", "user": 1, "content_type": 12, "object_id": "18", "object_repr": "Cart: 18", "action_flag": 3, "change_message": ""}}, {"model": "admin.logentry", "pk": 46, "fields": {"action_time": "2021-01-06T15:57:07.396Z", "user": 1, "content_type": 12, "object_id": "17", "object_repr": "Cart: 17", "action_flag": 3, "change_message": ""}}, {"model": "admin.logentry", "pk": 47, "fields": {"action_time": "2021-01-17T23:50:37.913Z", "user": 1, "content_type": 11, "object_id": "3", "object_repr": "Order: 3", "action_flag": 2, "change_message": "[{\"changed\": {\"fields\": [\"Order status\"]}}]"}}, {"model": "admin.logentry", "pk": 48, "fields": {"action_time": "2021-01-17T23:54:29.668Z", "user": 1, "content_type": 11, "object_id": "6", "object_repr": "Order: 6", "action_flag": 1, "change_message": "[{\"added\": {}}]"}}, {"model": "admin.logentry", "pk": 49, "fields": {"action_time": "2021-01-17T23:55:07.535Z", "user": 1, "content_type": 11, "object_id": "6", "object_repr": "Order: 6", "action_flag": 3, "change_message": ""}}, {"model": "admin.logentry", "pk": 50, "fields": {"action_time": "2021-01-18T09:14:05.088Z", "user": 1, "content_type": 4, "object_id": "8", "object_repr": "dan", "action_flag": 1, "change_message": "[{\"added\": {}}]"}}, {"model": "admin.logentry", "pk": 51, "fields": {"action_time": "2021-01-18T09:14:40.520Z", "user": 1, "content_type": 13, "object_id": "1", "object_repr": "dan", "action_flag": 1, "change_message": "[{\"added\": {}}]"}}, {"model": "admin.logentry", "pk": 52, "fields": {"action_time": "2021-01-18T09:15:31.543Z", "user": 1, "content_type": 4, "object_id": "4", "object_repr": "daniel", "action_flag": 3, "change_message": ""}}, {"model": "admin.logentry", "pk": 53, "fields": {"action_time": "2021-01-18T09:15:31.678Z", "user": 1, "content_type": 4, "object_id": "5", "object_repr": "danielo", "action_flag": 3, "change_message": ""}}, {"model": "admin.logentry", "pk": 54, "fields": {"action_time": "2021-01-18T09:15:31.790Z", "user": 1, "content_type": 4, "object_id": "3", "object_repr": "danilo", "action_flag": 3, "change_message": ""}}, {"model": "admin.logentry", "pk": 55, "fields": {"action_time": "2021-01-18T09:15:31.922Z", "user": 1, "content_type": 4, "object_id": "6", "object_repr": "danio", "action_flag": 3, "change_message": ""}}, {"model": "admin.logentry", "pk": 56, "fields": {"action_time": "2021-01-19T16:04:59.043Z", "user": 1, "content_type": 11, "object_id": "5", "object_repr": "Order: 5", "action_flag": 2, "change_message": "[{\"changed\": {\"fields\": [\"Order status\"]}}]"}}, {"model": "admin.logentry", "pk": 57, "fields": {"action_time": "2021-01-19T16:05:04.105Z", "user": 1, "content_type": 11, "object_id": "4", "object_repr": "Order: 4", "action_flag": 2, "change_message": "[{\"changed\": {\"fields\": [\"Order status\"]}}]"}}, {"model": "admin.logentry", "pk": 58, "fields": {"action_time": "2021-01-19T16:05:10.539Z", "user": 1, "content_type": 11, "object_id": "3", "object_repr": "Order: 3", "action_flag": 2, "change_message": "[{\"changed\": {\"fields\": [\"Order status\"]}}]"}}, {"model": "admin.logentry", "pk": 59, "fields": {"action_time": "2021-01-25T14:42:41.714Z", "user": 1, "content_type": 11, "object_id": "5", "object_repr": "Order: 5", "action_flag": 2, "change_message": "[{\"changed\": {\"fields\": [\"Order status\"]}}]"}}, {"model": "admin.logentry", "pk": 60, "fields": {"action_time": "2021-01-25T14:42:51.205Z", "user": 1, "content_type": 11, "object_id": "3", "object_repr": "Order: 3", "action_flag": 2, "change_message": "[{\"changed\": {\"fields\": [\"Order status\"]}}]"}}, {"model": "admin.logentry", "pk": 61, "fields": {"action_time": "2021-02-01T11:10:18.062Z", "user": 1, "content_type": 14, "object_id": "1", "object_repr": "ProductImage object (1)", "action_flag": 1, "change_message": "[{\"added\": {}}]"}}, {"model": "admin.logentry", "pk": 62, "fields": {"action_time": "2021-02-01T11:10:24.210Z", "user": 1, "content_type": 14, "object_id": "2", "object_repr": "ProductImage object (2)", "action_flag": 1, "change_message": "[{\"added\": {}}]"}}, {"model": "admin.logentry", "pk": 63, "fields": {"action_time": "2021-02-01T11:10:32.126Z", "user": 1, "content_type": 14, "object_id": "3", "object_repr": "ProductImage object (3)", "action_flag": 1, "change_message": "[{\"added\": {}}]"}}, {"model": "admin.logentry", "pk": 64, "fields": {"action_time": "2021-02-01T11:10:38.353Z", "user": 1, "content_type": 14, "object_id": "4", "object_repr": "ProductImage object (4)", "action_flag": 1, "change_message": "[{\"added\": {}}]"}}, {"model": "admin.logentry", "pk": 65, "fields": {"action_time": "2021-02-01T11:10:45.627Z", "user": 1, "content_type": 14, "object_id": "5", "object_repr": "ProductImage object (5)", "action_flag": 1, "change_message": "[{\"added\": {}}]"}}, {"model": "admin.logentry", "pk": 66, "fields": {"action_time": "2021-02-01T11:10:55.570Z", "user": 1, "content_type": 14, "object_id": "6", "object_repr": "ProductImage object (6)", "action_flag": 1, "change_message": "[{\"added\": {}}]"}}, {"model": "admin.logentry", "pk": 67, "fields": {"action_time": "2021-02-01T11:11:08.085Z", "user": 1, "content_type": 14, "object_id": "7", "object_repr": "ProductImage object (7)", "action_flag": 1, "change_message": "[{\"added\": {}}]"}}, {"model": "admin.logentry", "pk": 68, "fields": {"action_time": "2021-02-01T11:11:15.657Z", "user": 1, "content_type": 14, "object_id": "8", "object_repr": "ProductImage object (8)", "action_flag": 1, "change_message": "[{\"added\": {}}]"}}, {"model": "auth.permission", "pk": 1, "fields": {"name": "Can add log entry", "content_type": 1, "codename": "add_logentry"}}, {"model": "auth.permission", "pk": 2, "fields": {"name": "Can change log entry", "content_type": 1, "codename": "change_logentry"}}, {"model": "auth.permission", "pk": 3, "fields": {"name": "Can delete log entry", "content_type": 1, "codename": "delete_logentry"}}, {"model": "auth.permission", "pk": 4, "fields": {"name": "Can view log entry", "content_type": 1, "codename": "view_logentry"}}, {"model": "auth.permission", "pk": 5, "fields": {"name": "Can add permission", "content_type": 2, "codename": "add_permission"}}, {"model": "auth.permission", "pk": 6, "fields": {"name": "Can change permission", "content_type": 2, "codename": "change_permission"}}, {"model": "auth.permission", "pk": 7, "fields": {"name": "Can delete permission", "content_type": 2, "codename": "delete_permission"}}, {"model": "auth.permission", "pk": 8, "fields": {"name": "Can view permission", "content_type": 2, "codename": "view_permission"}}, {"model": "auth.permission", "pk": 9, "fields": {"name": "Can add group", "content_type": 3, "codename": "add_group"}}, {"model": "auth.permission", "pk": 10, "fields": {"name": "Can change group", "content_type": 3, "codename": "change_group"}}, {"model": "auth.permission", "pk": 11, "fields": {"name": "Can delete group", "content_type": 3, "codename": "delete_group"}}, {"model": "auth.permission", "pk": 12, "fields": {"name": "Can view group", "content_type": 3, "codename": "view_group"}}, {"model": "auth.permission", "pk": 13, "fields": {"name": "Can add user", "content_type": 4, "codename": "add_user"}}, {"model": "auth.permission", "pk": 14, "fields": {"name": "Can change user", "content_type": 4, "codename": "change_user"}}, {"model": "auth.permission", "pk": 15, "fields": {"name": "Can delete user", "content_type": 4, "codename": "delete_user"}}, {"model": "auth.permission", "pk": 16, "fields": {"name": "Can view user", "content_type": 4, "codename": "view_user"}}, {"model": "auth.permission", "pk": 17, "fields": {"name": "Can add content type", "content_type": 5, "codename": "add_contenttype"}}, {"model": "auth.permission", "pk": 18, "fields": {"name": "Can change content type", "content_type": 5, "codename": "change_contenttype"}}, {"model": "auth.permission", "pk": 19, "fields": {"name": "Can delete content type", "content_type": 5, "codename": "delete_contenttype"}}, {"model": "auth.permission", "pk": 20, "fields": {"name": "Can view content type", "content_type": 5, "codename": "view_contenttype"}}, {"model": "auth.permission", "pk": 21, "fields": {"name": "Can add session", "content_type": 6, "codename": "add_session"}}, {"model": "auth.permission", "pk": 22, "fields": {"name": "Can change session", "content_type": 6, "codename": "change_session"}}, {"model": "auth.permission", "pk": 23, "fields": {"name": "Can delete session", "content_type": 6, "codename": "delete_session"}}, {"model": "auth.permission", "pk": 24, "fields": {"name": "Can view session", "content_type": 6, "codename": "view_session"}}, {"model": "auth.permission", "pk": 25, "fields": {"name": "Can add product", "content_type": 7, "codename": "add_product"}}, {"model": "auth.permission", "pk": 26, "fields": {"name": "Can change product", "content_type": 7, "codename": "change_product"}}, {"model": "auth.permission", "pk": 27, "fields": {"name": "Can delete product", "content_type": 7, "codename": "delete_product"}}, {"model": "auth.permission", "pk": 28, "fields": {"name": "Can view product", "content_type": 7, "codename": "view_product"}}, {"model": "auth.permission", "pk": 29, "fields": {"name": "Can add cart product", "content_type": 8, "codename": "add_cartproduct"}}, {"model": "auth.permission", "pk": 30, "fields": {"name": "Can change cart product", "content_type": 8, "codename": "change_cartproduct"}}, {"model": "auth.permission", "pk": 31, "fields": {"name": "Can delete cart product", "content_type": 8, "codename": "delete_cartproduct"}}, {"model": "auth.permission", "pk": 32, "fields": {"name": "Can view cart product", "content_type": 8, "codename": "view_cartproduct"}}, {"model": "auth.permission", "pk": 33, "fields": {"name": "Can add category", "content_type": 9, "codename": "add_category"}}, {"model": "auth.permission", "pk": 34, "fields": {"name": "Can change category", "content_type": 9, "codename": "change_category"}}, {"model": "auth.permission", "pk": 35, "fields": {"name": "Can delete category", "content_type": 9, "codename": "delete_category"}}, {"model": "auth.permission", "pk": 36, "fields": {"name": "Can view category", "content_type": 9, "codename": "view_category"}}, {"model": "auth.permission", "pk": 37, "fields": {"name": "Can add customer", "content_type": 10, "codename": "add_customer"}}, {"model": "auth.permission", "pk": 38, "fields": {"name": "Can change customer", "content_type": 10, "codename": "change_customer"}}, {"model": "auth.permission", "pk": 39, "fields": {"name": "Can delete customer", "content_type": 10, "codename": "delete_customer"}}, {"model": "auth.permission", "pk": 40, "fields": {"name": "Can view customer", "content_type": 10, "codename": "view_customer"}}, {"model": "auth.permission", "pk": 41, "fields": {"name": "Can add order", "content_type": 11, "codename": "add_order"}}, {"model": "auth.permission", "pk": 42, "fields": {"name": "Can change order", "content_type": 11, "codename": "change_order"}}, {"model": "auth.permission", "pk": 43, "fields": {"name": "Can delete order", "content_type": 11, "codename": "delete_order"}}, {"model": "auth.permission", "pk": 44, "fields": {"name": "Can view order", "content_type": 11, "codename": "view_order"}}, {"model": "auth.permission", "pk": 45, "fields": {"name": "Can add cart", "content_type": 12, "codename": "add_cart"}}, {"model": "auth.permission", "pk": 46, "fields": {"name": "Can change cart", "content_type": 12, "codename": "change_cart"}}, {"model": "auth.permission", "pk": 47, "fields": {"name": "Can delete cart", "content_type": 12, "codename": "delete_cart"}}, {"model": "auth.permission", "pk": 48, "fields": {"name": "Can view cart", "content_type": 12, "codename": "view_cart"}}, {"model": "auth.permission", "pk": 49, "fields": {"name": "Can add admin", "content_type": 13, "codename": "add_admin"}}, {"model": "auth.permission", "pk": 50, "fields": {"name": "Can change admin", "content_type": 13, "codename": "change_admin"}}, {"model": "auth.permission", "pk": 51, "fields": {"name": "Can delete admin", "content_type": 13, "codename": "delete_admin"}}, {"model": "auth.permission", "pk": 52, "fields": {"name": "Can view admin", "content_type": 13, "codename": "view_admin"}}, {"model": "auth.permission", "pk": 53, "fields": {"name": "Can add product image", "content_type": 14, "codename": "add_productimage"}}, {"model": "auth.permission", "pk": 54, "fields": {"name": "Can change product image", "content_type": 14, "codename": "change_productimage"}}, {"model": "auth.permission", "pk": 55, "fields": {"name": "Can delete product image", "content_type": 14, "codename": "delete_productimage"}}, {"model": "auth.permission", "pk": 56, "fields": {"name": "Can view product image", "content_type": 14, "codename": "view_productimage"}}, {"model": "auth.user", "pk": 1, "fields": {"password": "pbkdf2_sha256$216000$QdghIZnZ23uE$IePfRkKa1YlGHrK2TU3VgS83nqMXCmPO9S0YBDD2HvU=", "last_login": "2021-02-07T18:21:36.978Z", "is_superuser": true, "username": "dani", "first_name": "", "last_name": "", "email": "", "is_staff": true, "is_active": true, "date_joined": "2020-12-27T20:17:18.208Z", "groups": [], "user_permissions": []}}, {"model": "auth.user", "pk": 2, "fields": {"password": "pbkdf2_sha256$216000$gLEDS9wYSxMW$j89F13NVtCIBITE0yX854I4csl6GMlo+7cF1OnSGkKQ=", "last_login": "2021-01-17T23:55:43.379Z", "is_superuser": false, "username": "customer", "first_name": "", "last_name": "", "email": "asdfasdf@gm.com", "is_staff": false, "is_active": true, "date_joined": "2021-01-04T23:17:58.180Z", "groups": [], "user_permissions": []}}, {"model": "auth.user", "pk": 7, "fields": {"password": "pbkdf2_sha256$216000$z9hHPPiKJnVW$oF/O+g+7cWxs7ppYzwy+yy6HvyIiT+nd7taO2ocTp9A=", "last_login": "2021-02-05T12:46:06.215Z", "is_superuser": false, "username": "danipo", "first_name": "", "last_name": "", "email": "tan@hh.com", "is_staff": false, "is_active": true, "date_joined": "2021-01-06T10:35:03.551Z", "groups": [], "user_permissions": []}}, {"model": "auth.user", "pk": 8, "fields": {"password": "pbkdf2_sha256$216000$UcnIZgu3iOjd$P1h9xDs5nodHwVyqmWrDWbotgQ0Z7x3rw9PZH3PEJ9w=", "last_login": "2021-02-05T12:45:39.448Z", "is_superuser": false, "username": "dan", "first_name": "", "last_name": "", "email": "", "is_staff": false, "is_active": true, "date_joined": "2021-01-18T09:14:04.743Z", "groups": [], "user_permissions": []}}, {"model": "contenttypes.contenttype", "pk": 1, "fields": {"app_label": "admin", "model": "logentry"}}, {"model": "contenttypes.contenttype", "pk": 2, "fields": {"app_label": "auth", "model": "permission"}}, {"model": "contenttypes.contenttype", "pk": 3, "fields": {"app_label": "auth", "model": "group"}}, {"model": "contenttypes.contenttype", "pk": 4, "fields": {"app_label": "auth", "model": "user"}}, {"model": "contenttypes.contenttype", "pk": 5, "fields": {"app_label": "contenttypes", "model": "contenttype"}}, {"model": "contenttypes.contenttype", "pk": 6, "fields": {"app_label": "sessions", "model": "session"}}, {"model": "contenttypes.contenttype", "pk": 7, "fields": {"app_label": "ecommerceapp", "model": "product"}}, {"model": "contenttypes.contenttype", "pk": 8, "fields": {"app_label": "ecommerceapp", "model": "cartproduct"}}, {"model": "contenttypes.contenttype", "pk": 9, "fields": {"app_label": "ecommerceapp", "model": "category"}}, {"model": "contenttypes.contenttype", "pk": 10, "fields": {"app_label": "ecommerceapp", "model": "customer"}}, {"model": "contenttypes.contenttype", "pk": 11, "fields": {"app_label": "ecommerceapp", "model": "order"}}, {"model": "contenttypes.contenttype", "pk": 12, "fields": {"app_label": "ecommerceapp", "model": "cart"}}, {"model": "contenttypes.contenttype", "pk": 13, "fields": {"app_label": "ecommerceapp", "model": "admin"}}, {"model": "contenttypes.contenttype", "pk": 14, "fields": {"app_label": "ecommerceapp", "model": "productimage"}}, {"model": "sessions.session", "pk": "4mricav76vxpodl3nxkn05ahh2ssrzn2", "fields": {"session_data": ".eJxVjksOwjAMRO-SNYoS95ewZM8ZKtuxSQG1UpuuEHenRV3Adt7M07xMj2vJ_brI3A_JnE1nTr8ZIT9k3EG643ibLE9jmQeye8UedLHXKcnzcnT_BBmXvK0jJAqOkTlQlK6JPkHj1HetY41A1IrWGEDUQQ2M6rQCH4J6oYq02qSMc_l-rP37A_acPHU:1l7KmU:s3Onih9RoLbYbdPmlcTYog6IZUHKZtctuz40oPT1mNY", "expire_date": "2021-02-17T16:13:26.391Z"}}, {"model": "sessions.session", "pk": "4tbu8qes20rdtbnvwwgwg9t8duwmf0zu", "fields": {"session_data": ".eJxVjMsOwiAQRf-FtSHDY4C6dO83EB6DVA0kpV0Z_12bdKHbe865L-bDtla_DVr8nNmZCXb63WJID2o7yPfQbp2n3tZljnxX-EEHv_ZMz8vh_h3UMOq31igVCFUm4cAZo4uVglAGlZQlY9AC5UC2YJFagkSNyUGcXIrodIbC3h-lQDa2:1kulHK:SJyOcGfrZ3kwjd552Bw8bkSF_YNjGoCywz7fpOmdBh0", "expire_date": "2021-01-13T23:53:18.970Z"}}, {"model": "sessions.session", "pk": "755oyi5t6bl1a14vtrrr8p0ptxcv5a53", "fields": {"session_data": "eyJjYXJ0X2lkIjo4fQ:1kuNrJ:xX3pn1gjoE9HFIGHVp4FmCObnds7pDOGhjlD4yJahLA", "expire_date": "2021-01-12T22:52:53.840Z"}}, {"model": "sessions.session", "pk": "7w0ahran3z0k41dsjme6zzkhjugoh763", "fields": {"session_data": ".eJxVjMsOwiAQRf-FtSHDY4C6dO83EB6DVA0kpV0Z_12bdKHbe865L-bDtla_DVr8nNmZCXb63WJID2o7yPfQbp2n3tZljnxX-EEHv_ZMz8vh_h3UMOq31igVCFUm4cAZo4uVglAGlZQlY9AC5UC2YJFagkSNyUGcXIrodIbC3h-lQDa2:1l5Y9l:jsFMjwsJdFHDjd8sx8_nh9uE5wMKFa-NKG-YG359q0U", "expire_date": "2021-02-12T18:06:05.717Z"}}, {"model": "sessions.session", "pk": "84t1mz839joagy2xnd862wtfmol3zku5", "fields": {"session_data": ".eJxVjMsOwiAQRf-FtSHDY4C6dO83EB6DVA0kpV0Z_12bdKHbe865L-bDtla_DVr8nNmZCXb63WJID2o7yPfQbp2n3tZljnxX-EEHv_ZMz8vh_h3UMOq31igVCFUm4cAZo4uVglAGlZQlY9AC5UC2YJFagkSNyUGcXIrodIbC3h-lQDa2:1l6aHF:1XAGKJQUfT-w9U-1nOnH6gclF70KvVYUNT0tugRSZ4g", "expire_date": "2021-02-15T14:34:05.186Z"}}, {"model": "sessions.session", "pk": "9l0sdt6rr8qwk9lgg1s8ro6lhx5oj2w4", "fields": {"session_data": ".eJxVjMsOwiAQRf-FtSHDY4C6dO83EB6DVA0kpV0Z_12bdKHbe865L-bDtla_DVr8nNmZCXb63WJID2o7yPfQbp2n3tZljnxX-EEHv_ZMz8vh_h3UMOq31igVCFUm4cAZo4uVglAGlZQlY9AC5UC2YJFagkSNyUGcXIrodIbC3h-lQDa2:1l1tUu:UU8oxGhj_PKaMPtIuCye9Yi_E6cVjRcsmhf5drNlbTU", "expire_date": "2021-02-02T16:04:48.360Z"}}, {"model": "sessions.session", "pk": "9ww6q1f8pchy4sm8tss8yb3qc3ospyav", "fields": {"session_data": "eyJjYXJ0X2lkIjo0fQ:1kuMVy:53ZTqIceVCs9l1JsZ1h2sUxbCZNT9ooY-_LXvmRis2s", "expire_date": "2021-01-12T21:26:46.812Z"}}, {"model": "sessions.session", "pk": "bmfkjokd42rknvbi7g5mpez580cjpsxu", "fields": {"session_data": ".eJxVjDsOwyAQBe9CHSF-Czhlep8BLbAEJ5EtgV1FuXviyI3bmXnvzRK2NUyZXaW9sIDbWsPWqf0Rk-zEIqYnzbvID5zvC0_LvLYp8j3hh-18XDK9bkd7OqjY629tQGkhdRmkF95aU5ySBAp10o6sBScoI7kCRRklFBhIXsTBpwjeZFHY5wthHDqd:1kxB3U:PcF4QNWY4MfjkJOdWMy2Ctww96KbekTTYe1TfnK24f0", "expire_date": "2021-01-20T15:49:00.994Z"}}, {"model": "sessions.session", "pk": "bqpcjiy74l8bs7dv289ja0tp6kn3twp7", "fields": {"session_data": ".eJxVjDsOwyAQBe9CHSF-Czhlep8BLbAEJ5EtgV1FuXviyI3bmXnvzRK2NUyZXeWFBdzWGrZO7U-YZCcWMT1p3kV-4HxfeFrmtU2R7wk_bOfjkul1O9rTQcVef2sDSgupyyC98Naa4pQkUKiTdmQtOEEZyRUoyiihwEDyIg4-RfAmi8I-XzjTOmc:1kuJ1Z:5JlrV7pTAD6DxjbiOqRKg7liBYj9rFy7pxrfyBQNIys", "expire_date": "2021-01-12T17:43:09.910Z"}}, {"model": "sessions.session", "pk": "dhrosddf6z7da7aidktjxo2mii23pkjg", "fields": {"session_data": ".eJxVjssOwiAURP-FtSG8LlCX7v0GcoGLVA1NaLsy_rut6UK3c2ZO5sUCrksN60w9jJmdmWSn3yxielDbQb5ju008TW3pY-R7hR905tcp0_NydP8EFee6rQ0oLaQug_TCW2uKU5JAoU7akbXgBGUkV6Aoo4QCA8mLOPgUwZssyiZN2JfvRynfH4aBOpg:1kx9zs:Dv5TYQUTlyxeXBV3X4lnt7GhVOGdVsJFIkgQpZ0SGWw", "expire_date": "2021-01-20T14:41:12.462Z"}}, {"model": "sessions.session", "pk": "dw3reroliltjlvagy30yuue5x5aed5hy", "fields": {"session_data": ".eJxVjEEOwiAQRe_C2hAYqIBL956BDDOjVA1NSrsy3l2bdKHb_977L5VxXWpeu8x5ZHVSUR1-t4L0kLYBvmO7TZqmtsxj0Zuid9r1ZWJ5nnf376Bir9868FCiBPTOQ7hiEk4mGRMtuuRjikDsRcAKeCFyhqyloxs8A6CwBPX-AN2LN9g:1l1tIF:3uuyPTIr1Lrryql72cYwobWBifqCbeoofc-vp1v37p0", "expire_date": "2021-02-02T15:51:43.645Z"}}, {"model": "sessions.session", "pk": "hlel1etx1eic4q3zvpzohb18cwalc8u3", "fields": {"session_data": ".eJxVjksOwjAMRO-SNYoSp5-EJXvOUNmOTQuolZp2hbg7LeoCtvNmnuZlOlyXvluLzN2Qzdm05vSbEfJDxh3kO463yfI0LvNAdq_YgxZ7nbI8L0f3T9Bj6bd1gkzRMTJHStLWyWeonfq2cawJiBrRCiOIOqiAUZ0G8DGqFwqkYZMyzsv3Y4jvD_anPHs:1l7Kk1:v98LnNI7yscfcSVFL17pF-yKxotBMkYAlP26MWRPJvs", "expire_date": "2021-02-17T16:10:53.862Z"}}, {"model": "sessions.session", "pk": "jjflgtow7y6zhbnuap4nop54f8z7e09x", "fields": {"session_data": "eyJjYXJ0X2lkIjoxNH0:1kxAnn:VfI8jH7IEQABPtO-Rb7J2Mju6uLRVhXRj8SoHLsfAhI", "expire_date": "2021-01-20T15:32:47.956Z"}}, {"model": "sessions.session", "pk": "kxx3sddkc9b0w6tsvz3bkne8ix2kt9hi", "fields": {"session_data": ".eJxVjEsOwjAMBe-SNYoS95ewZM8ZKtuxSQGlUtOuEHeHSl3A9s3Me5kRtzWPW5VlnJI5m8GcfjdCfkjZQbpjuc2W57IuE9ldsQet9joneV4O9-8gY83fOkKi4BiZA0UZuugTdE790DvWCES9aIsBRB20wKhOG_AhqBdqSBvz_gD9QDiQ:1kxBE4:_aYiMY4WLZNeqTCBHe14Y3WLkQC9LKJ9QoQVcLdw9MI", "expire_date": "2021-01-20T15:59:56.418Z"}}, {"model": "sessions.session", "pk": "o05uuj18uvv1svt582m94ecjusj243hd", "fields": {"session_data": ".eJxVjMsOwiAQRf-FtSHDY4C6dO83EB6DVA0kpV0Z_12bdKHbe865L-bDtla_DVr8nNmZCXb63WJID2o7yPfQbp2n3tZljnxX-EEHv_ZMz8vh_h3UMOq31igVCFUm4cAZo4uVglAGlZQlY9AC5UC2YJFagkSNyUGcXIrodIbC3h-lQDa2:1ktcVF:MSuTOefh11vCZL9pIdmaGHb--ilPRatI1RduhPlcpYg", "expire_date": "2021-01-10T20:18:57.552Z"}}, {"model": "sessions.session", "pk": "ol3o1y2z85zwilprvif9emm8xlbhd8rd", "fields": {"session_data": ".eJxVjMsOwiAQRf-FtSHDY4C6dO83EB6DVA0kpV0Z_12bdKHbe865L-bDtla_DVr8nNmZCXb63WJID2o7yPfQbp2n3tZljnxX-EEHv_ZMz8vh_h3UMOq31igVCFUm4cAZo4uVglAGlZQlY9AC5UC2YJFagkSNyUGcXIrodIbC3h-lQDa2:1kxBDC:4dlr1L4PCQhiJdA0iRnwvdQokmplPskH6-6jJGdnB-g", "expire_date": "2021-01-20T15:59:02.634Z"}}, {"model": "sessions.session", "pk": "sr47t7j9jalc5fhodx0zzr9lumrst0j3", "fields": {"session_data": ".eJxVjEEOwiAQRe_C2hAYGKAu3fcMzQCDVE2b0HZlvLvWdNPte-__t0jU1mHM4goXMdC21mFbuP2J0OLEIqUnT7vID5rus0zztLYxyj2Rh11kP2d-3Y72dFBpqb-1RTBKm9LpoIJztnjQjEAmGc_OoVeciX3BAhYUoMUUVOxCihhsVkV8vjl_Omg:1kuMKp:WI2dTfayh01ul5knFDSHk7I2h3J9EmmMsG5U57-ycgo", "expire_date": "2021-01-12T21:15:15.243Z"}}, {"model": "sessions.session", "pk": "tcaur24i87101mvbw6v8raprk9qvg230", "fields": {"session_data": ".eJxVjMsOwiAQRf-FtSHDY4C6dO83EB6DVA0kpV0Z_12bdKHbe865L-bDtla_DVr8nNmZCXb63WJID2o7yPfQbp2n3tZljnxX-EEHv_ZMz8vh_h3UMOq31igVCFUm4cAZo4uVglAGlZQlY9AC5UC2YJFagkSNyUGcXIrodIbC3h-lQDa2:1l7LVc:T2EGK4lLX63muDAEWaRLxDsS9jgYfsPplLvpWcUuxT4", "expire_date": "2021-02-17T17:00:04.256Z"}}, {"model": "sessions.session", "pk": "vf4f9goh253vvhr4jbdt8ugi32ywmqvh", "fields": {"session_data": "eyJjYXJ0X2lkIjo3fQ:1kuNnE:VCa4VXLSJwHecebQyxzWA8URcWtkgQZlIqB6lcSphe0", "expire_date": "2021-01-12T22:48:40.361Z"}}, {"model": "sessions.session", "pk": "vqn6b0crgkps10xp1nomp4541s99cw6j", "fields": {"session_data": ".eJxVjMsOwiAQRf-FtSHDY4C6dO83EB6DVA0kpV0Z_12bdKHbe865L-bDtla_DVr8nNmZCXb63WJID2o7yPfQbp2n3tZljnxX-EEHv_ZMz8vh_h3UMOq31igVCFUm4cAZo4uVglAGlZQlY9AC5UC2YJFagkSNyUGcXIrodIbC3h-lQDa2:1l1Qf3:_YjnusDRy04UHXTXofmIMsWWMmzSg0oXHtaF64ic5hc", "expire_date": "2021-02-01T09:17:21.095Z"}}, {"model": "sessions.session", "pk": "xe9br9mhmoz6ths1f9bbrqvfpq9egexk", "fields": {"session_data": "eyJjYXJ0X2lkIjozM30:1l2ZbC:aXazbltS0yVz_KfyFtgmjxn4qr9zBPM0tusxNE-bUZc", "expire_date": "2021-02-04T13:02:06.276Z"}}, {"model": "sessions.session", "pk": "xs4zrkk2e0lw0fgzdsb0pgfb8fadozgy", "fields": {"session_data": ".eJxVjDsOwjAQBe_iGlnrz9oOJX3OEK3tNQkgR0qcCnF3CEqTdmbee4tESxumLK7uIgba2jhsKy9_IpQ4sUjpyXUX-UH1Pss017ZMUe6JPOwq-znz63a0p4OR1vG3tqgNKFM6FSA4Z4vXilGTScazc-iBM7EvWLTVoNFiChC7kCIGm6GIzxc8Lzps:1kuNj2:a_RbsrT0Dc4090KIUu7e_0UHosAuJKTwGBu71V1Zd80", "expire_date": "2021-01-12T22:44:20.403Z"}}, {"model": "sessions.session", "pk": "zrrtwbwy2cvqew3xk4cpq59urtqn34cl", "fields": {"session_data": ".eJxVjMsOwiAQRf-FtSHDY4C6dO83EB6DVA0kpV0Z_12bdKHbe865L-bDtla_DVr8nNmZCXb63WJID2o7yPfQbp2n3tZljnxX-EEHv_ZMz8vh_h3UMOq31igVCFUm4cAZo4uVglAGlZQlY9AC5UC2YJFagkSNyUGcXIrodIbC3h-lQDa2:1l8ogj:ekIMw3GXetAk52lMYi0BqqdClnh9kluKRSzMEvA4ULM", "expire_date": "2021-02-21T18:21:37.242Z"}}, {"model": "sessions.session", "pk": "zsgdybav84i77z15m5v64jxeg8b3roe3", "fields": {"session_data": "eyJjYXJ0X2lkIjo1fQ:1kuMZl:l8RHmQ1Zf4suu6wsHuT2XWhlnGj_XgoeayJaFix4-v0", "expire_date": "2021-01-12T21:30:41.000Z"}}, {"model": "ecommerceapp.admin", "pk": 1, "fields": {"user": 8, "full_name": "Daniel Tano", "mobile": "+237674128573", "image": "admins/2019-08-28_12.32.10.jpg"}}, {"model": "ecommerceapp.customer", "pk": 1, "fields": {"user": 2, "full_name": "cusin jj", "address": "aaaaaaaa", "joined_on": "2021-01-04T23:17:58.383Z"}}, {"model": "ecommerceapp.customer", "pk": 6, "fields": {"user": 7, "full_name": "asd fg", "address": "hh", "joined_on": "2021-01-06T10:35:04.835Z"}}, {"model": "ecommerceapp.category", "pk": 1, "fields": {"title": "Electronics-items", "slug": "Electronics-items"}}, {"model": "ecommerceapp.category", "pk": 2, "fields": {"title": "Clothings and Fashion", "slug": "Clothings-and-Fashion"}}, {"model": "ecommerceapp.product", "pk": 1, "fields": {"title": "Rolex Watch", "slug": "Rolex-watch", "category": 1, "image": "products/rolex_Je5Of87.jpg", "marked_price": 15000, "selling_price": 12500, "description": "Rolex is the best watch that we have", "warranty": "2 years warranty", "return_policy": "1 week return if not damage", "view_count": 3}}, {"model": "ecommerceapp.product", "pk": 2, "fields": {"title": "Led Monitor", "slug": "dell-led-monitor", "category": 1, "image": "products/ledd.jpg", "marked_price": 20000, "selling_price": 18000, "description": "this is the  best monitor, if you like to do this", "warranty": "3 years warranty", "return_policy": "1 month return", "view_count": 3}}, {"model": "ecommerceapp.product", "pk": 3, "fields": {"title": "Iphone X Pro", "slug": "Iphone-x-pro", "category": 1, "image": "products/iphone.jpg", "marked_price": 500000, "selling_price": 350000, "description": "original iphone for you to use. original iphone for you to use. original iphone for you to use. original iphone for you to use. original iphone for you to use. original iphone for you to use. original iphone for you to use. original iphone for you to use. original iphone for you to use. original iphone for you to use. original iphone for you to use. original iphone for you to use. original iphone for you to use. original iphone for you to use. original iphone for you to use. original iphone for you to use. original iphone for you to use. original iphone for you to use. original iphone for you to use. original iphone for you to use. original iphone for you to use. original iphone for you to use. original iphone for you to use. original iphone for you to use. original iphone for you to use. original iphone for you to use. original iphone for you to use. original iphone for you to use. original iphone for you to use. original iphone for you to use.", "warranty": "2 month", "return_policy": "no return policy", "view_count": 0}}, {"model": "ecommerceapp.product", "pk": 4, "fields": {"title": "Samsung Television", "slug": "samsung-television", "category": 1, "image": "products/samsung-tv.jpg", "marked_price": 100000, "selling_price": 80000, "description": "the best television for your home and office. the best television for your home and office. the best television for your home and office. the best television for your home and office. the best television for your home and office. the best television for your home and office. the best television for your home and office. the best television for your home and office. the best television for your home and office. the best television for your home and office. the best television for your home and office. the best television for your home and office. the best television for your home and office. the best television for your home and office. the best television for your home and office. the best television for your home and office. the best television for your home and office. the best television for your home and office. the best television for your home and office. the best television for your home and office. the best television for your home and office. the best television for your home and office. the best television for your home and office. the best television for your home and office. the best television for your home and office.", "warranty": "3 years", "return_policy": "3 month", "view_count": 2}}, {"model": "ecommerceapp.product", "pk": 5, "fields": {"title": "Mens Blazer", "slug": "men-blazer", "category": 2, "image": "products/blazer.jpg", "marked_price": 20000, "selling_price": 18000, "description": "best for all men. best for all men. best for all men. best for all men. best for all men. best for all men. best for all men. best for all men. best for all men. best for all men. best for all men. best for all men. best for all men. best for all men. best for all men. best for all men. best for all men. best for all men. best for all men. best for all men. best for all men. best for all men. best for all men. best for all men. best for all men. best for all men. best for all men. best for all men. best for all men. best for all men. best for all men. best for all men. best for all men. best for all men. best for all men. best for all men. best for all men. best for all men. best for all men. best for all men. best for all men. best for all men. best for all men.", "warranty": null, "return_policy": null, "view_count": 42}}, {"model": "ecommerceapp.product", "pk": 6, "fields": {"title": "Womens Blazer", "slug": "womens-blazer", "category": 2, "image": "products/blazers.jpg", "marked_price": 20000, "selling_price": 18550, "description": "best women blazer best women blazerbest women blazerbest women blazerbest women blazerbest women blazerbest women blazerbest women blazerbest women blazerbest women blazerbest women blazerbest women blazerbest women blazerbest women blazerbest women blazerbest women blazerbest women blazerbest women blazerbest women blazerbest women blazerbest women blazerbest women blazerbest women blazerbest women blazerbest women blazerbest women blazerbest women blazerbest women blazer", "warranty": "no warranty", "return_policy": "6 month return policy", "view_count": 2}}, {"model": "ecommerceapp.product", "pk": 7, "fields": {"title": "HP laptop", "slug": "hp-laptop", "category": 1, "image": "products/hp.jpg", "marked_price": 150000, "selling_price": 145000, "description": "hp is good for we all. hp is good for we all. hp is good for we all. hp is good for we all. hp is good for we all. hp is good for we all. hp is good for we all. hp is good for we all. hp is good for we all. hp is good for we all. hp is good for we all. hp is good for we all. hp is good for we all. hp is good for we all. hp is good for we all. hp is good for we all. hp is good for we all. hp is good for we all. hp is good for we all. hp is good for we all. hp is good for we all. hp is good for we all. hp is good for we all. hp is good for we all. hp is good for we all. hp is good for we all. hp is good for we all. hp is good for we all.hp is good for we all. hp is good for we all. hp is good for we all. hp is good for we all. hp is good for we all. hp is good for we all. hp is good for we all. hp is good for we all. hp is good for we all. hp is good for we all. hp is good for we all. hp is good for we all. hp is good for we all. hp is good for we all.", "warranty": "1 year warrany", "return_policy": "6 months return policy", "view_count": 4}}, {"model": "ecommerceapp.product", "pk": 8, "fields": {"title": "Saree", "slug": "saree", "category": 2, "image": "products/saee.jpg", "marked_price": 20000, "selling_price": 18000, "description": "best saree for female. best saree for female. best saree for female. best saree for female. best saree for female. best saree for female. best saree for female. best saree for female. best saree for female. best saree for female. best saree for female. best saree for female. best saree for female. best saree for female. best saree for female. best saree for female. best saree for female. best saree for female. best saree for female. best saree for female. best saree for female. best saree for female. best saree for female. best saree for female. best saree for female. best saree for female. best saree for female. best saree for female. best saree for female. best saree for female. best saree for female.", "warranty": null, "return_policy": null, "view_count": 15}}, {"model": "ecommerceapp.product", "pk": 9, "fields": {"title": "KN 95 mask", "slug": "kn-95-mask", "category": 2, "image": "products/kn_95.jpg", "marked_price": 8000, "selling_price": 7500, "description": "good  mask  for  we all. good  mask  for  we all. good  mask  for  we all. good  mask  for  we all. good  mask  for  we all. good  mask  for  we all. good  mask  for  we all. good  mask  for  we all. good  mask  for  we all. good  mask  for  we all. good  mask  for  we all. good  mask  for  we all. good  mask  for  we all. good  mask  for  we all. good  mask  for  we all. good  mask  for  we all. good  mask  for  we all. good  mask  for  we all. good  mask  for  we all. good  mask  for  we all. good  mask  for  we all. good  mask  for  we all. good  mask  for  we all. good  mask  for  we all. good  mask  for  we all.", "warranty": null, "return_policy": null, "view_count": 22}}, {"model": "ecommerceapp.product", "pk": 11, "fields": {"title": "palying card", "slug": "playing-card", "category": 1, "image": "products/Eight_of_Diamonds.png", "marked_price": 1000, "selling_price": 800, "description": "good card for home and office. good card for home and office.good card for home and office.good card for home and office.good card for home and office.good card for home and office.good card for home and office.good card for home and office.good card for home and office.good card for home and office.good card for home and office.good card for home and office.", "warranty": "1", "return_policy": "3", "view_count": 2}}, {"model": "ecommerceapp.productimage", "pk": 1, "fields": {"product": 1, "image": "products.image/Ace_of_Clubs.png"}}, {"model": "ecommerceapp.productimage", "pk": 2, "fields": {"product": 1, "image": "products.image/Ace_of_Spades.png"}}, {"model": "ecommerceapp.productimage", "pk": 3, "fields": {"product": 1, "image": "products.image/Four_of_Spades.png"}}, {"model": "ecommerceapp.productimage", "pk": 4, "fields": {"product": 1, "image": "products.image/Eight_of_Hearts.png"}}, {"model": "ecommerceapp.productimage", "pk": 5, "fields": {"product": 2, "image": "products.image/Four_of_Clubs.png"}}, {"model": "ecommerceapp.productimage", "pk": 6, "fields": {"product": 2, "image": "products.image/mainScreen.png"}}, {"model": "ecommerceapp.productimage", "pk": 7, "fields": {"product": 5, "image": "products.image/Two_of_Spades.png"}}, {"model": "ecommerceapp.productimage", "pk": 8, "fields": {"product": 5, "image": "products.image/Three_of_Diamonds.png"}}, {"model": "ecommerceapp.productimage", "pk": 9, "fields": {"product": 11, "image": "products.image/Ace_of_Spades_0IJ9hk4.png"}}, {"model": "ecommerceapp.productimage", "pk": 10, "fields": {"product": 11, "image": "products.image/Eight_of_Hearts_cZDRL7w.png"}}, {"model": "ecommerceapp.productimage", "pk": 11, "fields": {"product": 11, "image": "products.image/Eight_of_Spades.png"}}, {"model": "ecommerceapp.productimage", "pk": 12, "fields": {"product": 11, "image": "products.image/Five_of_Clubs.png"}}, {"model": "ecommerceapp.productimage", "pk": 13, "fields": {"product": 11, "image": "products.image/Jack_of_Clubs.png"}}, {"model": "ecommerceapp.cart", "pk": 24, "fields": {"customer": 1, "total": 7500, "created_at": "2021-01-06T15:57:36.504Z"}}, {"model": "ecommerceapp.cart", "pk": 25, "fields": {"customer": null, "total": 145000, "created_at": "2021-01-06T15:58:18.732Z"}}, {"model": "ecommerceapp.cart", "pk": 28, "fields": {"customer": 6, "total": 152500, "created_at": "2021-01-09T22:24:14.622Z"}}, {"model": "ecommerceapp.cart", "pk": 29, "fields": {"customer": 6, "total": 15000, "created_at": "2021-01-10T23:02:38.473Z"}}, {"model": "ecommerceapp.cart", "pk": 31, "fields": {"customer": 6, "total": 0, "created_at": "2021-01-16T19:01:26.089Z"}}, {"model": "ecommerceapp.cart", "pk": 32, "fields": {"customer": null, "total": 36000, "created_at": "2021-01-21T00:18:30.970Z"}}, {"model": "ecommerceapp.cart", "pk": 33, "fields": {"customer": null, "total": 80000, "created_at": "2021-01-21T13:02:05.888Z"}}, {"model": "ecommerceapp.cart", "pk": 34, "fields": {"customer": null, "total": 18000, "created_at": "2021-01-25T14:41:42.588Z"}}, {"model": "ecommerceapp.cart", "pk": 35, "fields": {"customer": null, "total": 595000, "created_at": "2021-01-29T18:05:32.703Z"}}, {"model": "ecommerceapp.cart", "pk": 47, "fields": {"customer": 6, "total": 152500, "created_at": "2021-02-03T17:06:06.750Z"}}, {"model": "ecommerceapp.cart", "pk": 48, "fields": {"customer": 6, "total": 18800, "created_at": "2021-02-03T17:07:28.539Z"}}, {"model": "ecommerceapp.cart", "pk": 49, "fields": {"customer": 6, "total": 160000, "created_at": "2021-02-03T17:08:27.371Z"}}, {"model": "ecommerceapp.cart", "pk": 50, "fields": {"customer": 6, "total": 33800, "created_at": "2021-02-03T17:21:55.512Z"}}, {"model": "ecommerceapp.cart", "pk": 54, "fields": {"customer": 6, "total": 7500, "created_at": "2021-02-04T09:03:24.121Z"}}, {"model": "ecommerceapp.cart", "pk": 55, "fields": {"customer": 6, "total": 800, "created_at": "2021-02-04T09:26:47.704Z"}}, {"model": "ecommerceapp.cart", "pk": 56, "fields": {"customer": 6, "total": 88300, "created_at": "2021-02-04T09:27:45.881Z"}}, {"model": "ecommerceapp.cart", "pk": 57, "fields": {"customer": 6, "total": 18000, "created_at": "2021-02-04T13:27:43.847Z"}}, {"model": "ecommerceapp.cart", "pk": 58, "fields": {"customer": null, "total": 800, "created_at": "2021-02-05T07:58:00.016Z"}}, {"model": "ecommerceapp.cart", "pk": 59, "fields": {"customer": 6, "total": 10700, "created_at": "2021-02-05T08:06:16.228Z"}}, {"model": "ecommerceapp.cart", "pk": 60, "fields": {"customer": 6, "total": 145000, "created_at": "2021-02-05T12:44:51.259Z"}}, {"model": "ecommerceapp.cart", "pk": 61, "fields": {"customer": null, "total": 7500, "created_at": "2021-02-05T12:45:55.628Z"}}, {"model": "ecommerceapp.cart", "pk": 62, "fields": {"customer": 6, "total": 80000, "created_at": "2021-02-05T12:46:13.290Z"}}, {"model": "ecommerceapp.cartproduct", "pk": 67, "fields": {"cart": 24, "product": 9, "rate": 7500, "quantity": 1, "subtotal": 7500}}, {"model": "ecommerceapp.cartproduct", "pk": 68, "fields": {"cart": 25, "product": 7, "rate": 145000, "quantity": 1, "subtotal": 145000}}, {"model": "ecommerceapp.cartproduct", "pk": 74, "fields": {"cart": 28, "product": 7, "rate": 145000, "quantity": 1, "subtotal": 145000}}, {"model": "ecommerceapp.cartproduct", "pk": 75, "fields": {"cart": 28, "product": 9, "rate": 7500, "quantity": 1, "subtotal": 7500}}, {"model": "ecommerceapp.cartproduct", "pk": 76, "fields": {"cart": 29, "product": 9, "rate": 7500, "quantity": 2, "subtotal": 15000}}, {"model": "ecommerceapp.cartproduct", "pk": 80, "fields": {"cart": 32, "product": 8, "rate": 18000, "quantity": 2, "subtotal": 36000}}, {"model": "ecommerceapp.cartproduct", "pk": 81, "fields": {"cart": 33, "product": 4, "rate": 80000, "quantity": 1, "subtotal": 80000}}, {"model": "ecommerceapp.cartproduct", "pk": 82, "fields": {"cart": 34, "product": 8, "rate": 18000, "quantity": 1, "subtotal": 18000}}, {"model": "ecommerceapp.cartproduct", "pk": 83, "fields": {"cart": 35, "product": 7, "rate": 145000, "quantity": 3, "subtotal": 435000}}, {"model": "ecommerceapp.cartproduct", "pk": 84, "fields": {"cart": 35, "product": 4, "rate": 80000, "quantity": 2, "subtotal": 160000}}, {"model": "ecommerceapp.cartproduct", "pk": 98, "fields": {"cart": 47, "product": 9, "rate": 7500, "quantity": 1, "subtotal": 7500}}, {"model": "ecommerceapp.cartproduct", "pk": 99, "fields": {"cart": 47, "product": 7, "rate": 145000, "quantity": 1, "subtotal": 145000}}, {"model": "ecommerceapp.cartproduct", "pk": 100, "fields": {"cart": 48, "product": 11, "rate": 800, "quantity": 1, "subtotal": 800}}, {"model": "ecommerceapp.cartproduct", "pk": 101, "fields": {"cart": 48, "product": 8, "rate": 18000, "quantity": 1, "subtotal": 18000}}, {"model": "ecommerceapp.cartproduct", "pk": 102, "fields": {"cart": 49, "product": 9, "rate": 7500, "quantity": 2, "subtotal": 15000}}, {"model": "ecommerceapp.cartproduct", "pk": 103, "fields": {"cart": 49, "product": 7, "rate": 145000, "quantity": 1, "subtotal": 145000}}, {"model": "ecommerceapp.cartproduct", "pk": 104, "fields": {"cart": 50, "product": 9, "rate": 7500, "quantity": 2, "subtotal": 15000}}, {"model": "ecommerceapp.cartproduct", "pk": 105, "fields": {"cart": 50, "product": 11, "rate": 800, "quantity": 1, "subtotal": 800}}, {"model": "ecommerceapp.cartproduct", "pk": 106, "fields": {"cart": 50, "product": 8, "rate": 18000, "quantity": 1, "subtotal": 18000}}, {"model": "ecommerceapp.cartproduct", "pk": 110, "fields": {"cart": 54, "product": 9, "rate": 7500, "quantity": 1, "subtotal": 7500}}, {"model": "ecommerceapp.cartproduct", "pk": 111, "fields": {"cart": 55, "product": 11, "rate": 800, "quantity": 1, "subtotal": 800}}, {"model": "ecommerceapp.cartproduct", "pk": 112, "fields": {"cart": 56, "product": 11, "rate": 800, "quantity": 1, "subtotal": 800}}, {"model": "ecommerceapp.cartproduct", "pk": 113, "fields": {"cart": 56, "product": 9, "rate": 7500, "quantity": 1, "subtotal": 7500}}, {"model": "ecommerceapp.cartproduct", "pk": 114, "fields": {"cart": 56, "product": 4, "rate": 80000, "quantity": 1, "subtotal": 80000}}, {"model": "ecommerceapp.cartproduct", "pk": 115, "fields": {"cart": 57, "product": 5, "rate": 18000, "quantity": 1, "subtotal": 18000}}, {"model": "ecommerceapp.cartproduct", "pk": 116, "fields": {"cart": 58, "product": 11, "rate": 800, "quantity": 1, "subtotal": 800}}, {"model": "ecommerceapp.cartproduct", "pk": 117, "fields": {"cart": 59, "product": 11, "rate": 800, "quantity": 4, "subtotal": 3200}}, {"model": "ecommerceapp.cartproduct", "pk": 118, "fields": {"cart": 59, "product": 9, "rate": 7500, "quantity": 1, "subtotal": 7500}}, {"model": "ecommerceapp.cartproduct", "pk": 119, "fields": {"cart": 60, "product": 7, "rate": 145000, "quantity": 1, "subtotal": 145000}}, {"model": "ecommerceapp.cartproduct", "pk": 120, "fields": {"cart": 61, "product": 9, "rate": 7500, "quantity": 1, "subtotal": 7500}}, {"model": "ecommerceapp.cartproduct", "pk": 121, "fields": {"cart": 62, "product": 4, "rate": 80000, "quantity": 1, "subtotal": 80000}}, {"model": "ecommerceapp.order", "pk": 20, "fields": {"cart": 54, "ordered_by": "Parkson Tano Daniel", "shipping_address": "TKC, TKC", "mobile": "674128573", "email": "taguy.mbu@gmail.com", "subtotal": 7500, "discount": 0, "total": 7500, "order_status": "Order_Recieved", "created_at": "2021-02-04T09:03:38.743Z", "payment_method": "Khalti", "payment_completed": false}}, {"model": "ecommerceapp.order", "pk": 21, "fields": {"cart": 55, "ordered_by": "Parkson Tano Daniel", "shipping_address": "TKC, TKC", "mobile": "674128573", "email": "tanoparksonsilenncer@gmail.com", "subtotal": 800, "discount": 0, "total": 800, "order_status": "Order_Recieved", "created_at": "2021-02-04T09:26:58.570Z", "payment_method": "Khalti", "payment_completed": false}}, {"model": "ecommerceapp.order", "pk": 22, "fields": {"cart": 56, "ordered_by": "Parkson Tano Daniel", "shipping_address": "TKC, TKC", "mobile": "674128573", "email": "tanoparksonsilencer@gmail.com", "subtotal": 88300, "discount": 0, "total": 88300, "order_status": "Order_Recieved", "created_at": "2021-02-04T09:28:01.796Z", "payment_method": "Khalti", "payment_completed": false}}, {"model": "ecommerceapp.order", "pk": 23, "fields": {"cart": 57, "ordered_by": "Parkson Tano Daniel", "shipping_address": "TKC, TKC", "mobile": "674128573", "email": "tanoparksonsilencer@gmail.com", "subtotal": 18000, "discount": 0, "total": 18000, "order_status": "Order_Recieved", "created_at": "2021-02-04T13:27:52.819Z", "payment_method": "Khalti", "payment_completed": false}}, {"model": "ecommerceapp.order", "pk": 24, "fields": {"cart": 59, "ordered_by": "Parkson Tano Daniel", "shipping_address": "TKC, TKC", "mobile": "674128573", "email": "tanoparksonsilencer@gmail.com", "subtotal": 10700, "discount": 0, "total": 10700, "order_status": "Order_Recieved", "created_at": "2021-02-05T08:53:57.696Z", "payment_method": "Khalti", "payment_completed": false}}, {"model": "ecommerceapp.order", "pk": 25, "fields": {"cart": 60, "ordered_by": "Parkson Tano Daniel", "shipping_address": "TKC, TKC", "mobile": "674128573", "email": "tanoparksonsilencer@gmail.com", "subtotal": 145000, "discount": 0, "total": 145000, "order_status": "Order_Recieved", "created_at": "2021-02-05T12:45:07.973Z", "payment_method": "Cash On Delivery", "payment_completed": false}}, {"model": "ecommerceapp.order", "pk": 26, "fields": {"cart": 62, "ordered_by": "Parkson Tano Daniel", "shipping_address": "TKC, TKC", "mobile": "674128573", "email": "tanoparksonsilencer@gmail.com", "subtotal": 80000, "discount": 0, "total": 80000, "order_status": "Order_Recieved", "created_at": "2021-02-05T12:46:32.706Z", "payment_method": "Khalti", "payment_completed": false}}]